date,dynamic_ret,factor_count
2023-04-24,,0
2023-04-25,,0
2023-04-26,,0
2023-04-27,,0
2023-04-28,,0
2023-05-01,,0
2023-05-02,,0
2023-05-03,,0
2023-05-04,,0
2023-05-05,,0
2023-05-08,,0
2023-05-09,,0
2023-05-10,,0
2023-05-11,,0
2023-05-12,,0
2023-05-15,,0
2023-05-16,,0
2023-05-17,,0
2023-05-18,,0
2023-05-19,,0
2023-05-22,,0
2023-05-23,,0
2023-05-24,,0
2023-05-25,0.0009676748606515506,1
2023-05-26,0.01394114820932863,4
2023-05-30,-0.01311503703329647,6
2023-05-31,0.013385932237008381,6
2023-06-01,0.010744831080652495,6
2023-06-02,0.0005299198281381454,5
2023-06-05,0.007033793050531457,8
2023-06-06,-0.0066124752510884925,10
2023-06-07,0.00393138271736283,10
2023-06-08,0.0027332820152044164,10
2023-06-09,0.005731772121724911,10
2023-06-12,-0.00015235445743383454,10
2023-06-13,0.00404324675631542,10
2023-06-14,-0.008992062610855518,10
2023-06-15,0.0006198840372293966,10
2023-06-16,0.003268029786739385,10
2023-06-20,-0.004380336982578444,10
2023-06-21,-0.004582247355870864,10
2023-06-22,0.001573679330994252,10
2023-06-23,0.007533436360012112,10
2023-06-26,0.003740344388871919,10
2023-06-27,0.0008970818119740215,10
2023-06-28,-0.005446855269965743,10
2023-06-29,0.0008523644880198858,10
2023-06-30,0.00040397115813971415,10
2023-07-03,0.0014872377681811716,10
2023-07-05,0.001973112786368209,10
2023-07-06,-0.0005688014977885763,10
2023-07-07,0.006427441329234907,10
2023-07-10,0.0011347756597833332,10
2023-07-11,0.003713773688865978,10
2023-07-12,0.014287519655771058,10
2023-07-13,-0.004575261282269779,10
2023-07-14,0.00987756991446142,10
2023-07-17,0.004619355617660901,10
2023-07-18,-0.005592496719696947,10
2023-07-19,-0.006372311315092722,10
2023-07-20,-0.005945410796900739,10
2023-07-21,-0.007925728306924226,10
2023-07-24,0.003793680492989519,10
2023-07-25,0.004771965853342976,10
2023-07-26,0.006917271028600903,10
2023-07-27,0.007106776220264644,10
2023-07-28,-0.0030046619329958824,10
2023-07-31,0.00037444722122608246,10
2023-08-01,-0.0006511495809938615,10
2023-08-02,0.002493438345722406,10
2023-08-03,0.008104467652895667,10
2023-08-04,-0.0029504668855675695,10
2023-08-07,-0.0028754578587968445,10
2023-08-08,-0.00696285929499238,10
2023-08-09,0.0005586489674232744,10
2023-08-10,-0.007302566318897528,10
2023-08-11,-0.006781053001912255,10
2023-08-14,0.009316242123812584,10
2023-08-15,0.0006944689933169951,10
2023-08-16,-0.001111529581541251,10
2023-08-17,0.0009611438866569573,10
2023-08-18,0.0064595066276707976,10
2023-08-21,-0.0026073402624770424,10
2023-08-22,-0.004785268044827256,10
2023-08-23,0.00498070092882697,10
2023-08-24,-0.006854734712828017,10
2023-08-25,0.0040594839707793415,10
2023-08-28,0.005511204170814132,10
2023-08-29,-0.004499355919895531,10
2023-08-30,-0.005181223746311799,10
2023-08-31,-0.0014248449913651356,10
2023-09-01,-0.0026866402568550283,10
2023-09-05,0.006862518476560426,10
2023-09-06,-0.0006639462530423967,10
2023-09-07,-0.0010603419633541356,10
2023-09-08,0.005934558214912546,10
2023-09-11,-0.008168220788219561,10
2023-09-12,0.00042640320954714743,10
2023-09-13,-0.00035296983340887215,10
2023-09-14,0.0002912888368430749,10
2023-09-15,-0.0002981696067695631,10
2023-09-18,0.00801585192375398,10
2023-09-19,-0.0001375766496976423,10
2023-09-20,-0.004230146661267647,10
2023-09-21,0.003668059947783369,10
2023-09-22,0.0014079866300367087,10
2023-09-25,-0.0032362217749994653,10
2023-09-26,-0.006001923426680718,10
2023-09-27,0.0006456344508207524,10
2023-09-28,0.0016673261984040187,10
2023-09-29,0.005704511332881838,10
2023-10-02,-0.00600929311429335,10
2023-10-03,0.005956406682941564,10
2023-10-04,0.0026890829828396805,10
2023-10-05,-0.0028415613524698587,10
2023-10-06,-0.0005322137519551753,10
2023-10-09,0.006086275390092276,10
2023-10-10,0.0026468816599376824,10
2023-10-11,0.0023083597494806974,10
2023-10-12,0.0023614959953766586,10
2023-10-13,0.0001385112529404024,10
2023-10-16,-0.002899752300684165,10
2023-10-17,-0.003162138008697094,10
2023-10-18,0.0009998615462497725,10
2023-10-19,0.0037797379937972012,10
2023-10-20,-0.004508555321727051,10
2023-10-23,-0.0007590973911067837,10
2023-10-24,0.0029140888501969584,10
2023-10-25,0.0062764556688148935,10
2023-10-26,0.0042811357761441265,10
2023-10-27,0.0002807742975981141,10
2023-10-30,-0.0023937987370474885,10
2023-10-31,0.00039463183862643186,10
2023-11-01,0.004170227866662891,10
2023-11-02,0.003963188230833433,10
2023-11-03,0.0009269710263673455,10
2023-11-06,-0.0008843524015195515,10
2023-11-07,0.00022842205847374976,10
2023-11-08,0.002499455237507077,10
2023-11-09,0.002500946244210579,10
2023-11-10,0.0011736398056138267,10
2023-11-13,0.0013613646483246035,10
2023-11-14,0.003622935994019522,10
2023-11-15,-0.0031768013188140974,10
2023-11-16,0.0060737826931080525,10
2023-11-17,-0.002187179853490437,10
2023-11-20,-0.0034277429051141985,10
2023-11-21,0.0004338625094115246,10
2023-11-22,0.0009603231960809747,10
2023-11-24,-0.0021659423985465644,10
2023-11-27,0.003708007188090586,10
2023-11-28,-0.0084502088907934,10
2023-11-29,0.005608185133639318,10
2023-11-30,-0.002033623926710687,10
2023-12-01,0.0012470501414337657,10
2023-12-04,-0.001162626826116784,10
2023-12-05,-0.0003760123036581804,10
2023-12-06,-0.003084828233258784,10
2023-12-07,-0.0032718857708091895,10
2023-12-08,-0.010075416796939237,10
2023-12-11,0.003487786939298571,10
2023-12-12,-0.001760563718722949,10
2023-12-13,-0.0002068593464515545,10
2023-12-14,0.00507758948143978,10
2023-12-15,0.006183003283061418,10
2023-12-18,0.0010753989912330071,10
2023-12-19,-0.0029559219629571544,10
2023-12-20,0.004362190617873142,10
2023-12-21,-0.0012663470470007066,10
2023-12-22,-0.0011665308678533034,10
2023-12-26,-0.0018577611189569058,10
2023-12-27,-0.0026341135175795426,10
2023-12-28,-0.0001067618567858534,10
2023-12-29,-0.006377396055145348,10
2024-01-02,0.0007725918112556191,10
2024-01-03,-0.0027794890039746166,10
2024-01-04,-0.00254460508193694,10
2024-01-05,0.002935485389086302,10
2024-01-08,0.006718957433551012,10
2024-01-09,0.003026366619728843,10
2024-01-10,0.0043717462791276985,10
2024-01-11,0.0021774224734730863,10
2024-01-12,0.008806449074664933,10
2024-01-16,-0.006144571947577897,10
2024-01-17,0.004721123099711188,10
2024-01-18,0.002369207718932878,10
2024-01-19,0.003265051750588597,10
2024-01-22,-0.002509894750672718,10
2024-01-23,0.0024991318981993577,10
2024-01-24,-0.003113925052178557,10
2024-01-25,-0.015621309633437495,10
2024-01-26,-0.0006149938000125509,10
2024-01-29,-0.002768270432860537,10
2024-01-30,0.00420552070620809,10
2024-01-31,-0.006796468927517178,10
2024-02-01,-0.032955908721452196,10
2024-02-02,-0.004374230369146005,10
2024-02-05,-0.000493787803629082,10
2024-02-06,-0.0028040670886811054,10
2024-02-07,-0.004800841295690323,10
2024-02-08,0.0010252096284594282,10
2024-02-09,0.0006307319987998438,10
2024-02-12,-0.001817703999743893,10
2024-02-13,0.009132898647213249,10
2024-02-14,-0.00018618202109104472,10
2024-02-15,-0.0038651782701517473,10
2024-02-16,-0.010462816328241179,10
2024-02-20,-0.008409562062594005,10
2024-02-21,-0.025011809616410925,10
2024-02-22,-0.0015620549931217055,10
2024-02-23,0.000370281448603201,10
2024-02-26,0.0026241873648464686,10
2024-02-27,-0.004347522970624036,10
2024-02-28,0.00470732049754237,10
2024-02-29,0.007407145808541141,10
2024-03-01,0.014625152576191163,10
2024-03-04,-0.0033282066767905912,10
2024-03-05,0.006032244667802449,10
2024-03-06,0.01397194002863461,10
2024-03-07,-0.0190176989499247,10
2024-03-08,-0.010854875146944262,10
2024-03-11,0.016149189906501583,10
2024-03-12,-0.006977011847041061,10
2024-03-13,-0.006928385986366557,10
2024-03-14,0.0007678966939972889,10
2024-03-15,-0.0005905721243012146,10
2024-03-18,-0.0010716315396816327,10
2024-03-19,0.0022230071222845782,10
2024-03-20,-0.002338878660315119,10
2024-03-21,0.008101144378291436,10
2024-03-22,-0.0039715322866725675,10
2024-03-25,-0.008408205065046323,10
2024-03-26,-0.007538475486181534,10
2024-03-27,-0.002072910301455271,10
2024-03-28,0.004723739031072496,10
2024-04-01,-0.0011356879392916532,10
2024-04-02,0.006198438422441024,10
2024-04-03,-0.0016283510155733639,10
2024-04-04,0.0063764264401508924,10
2024-04-05,-0.0028880937161921173,10
2024-04-08,-0.003097309175105375,10
2024-04-09,0.003824922406393448,10
2024-04-10,-0.0031536916923202932,10
2024-04-11,-0.0007330396213989039,10
2024-04-12,-0.004324153769591874,10
2024-04-15,-0.0001429432761120297,10
2024-04-16,-0.0033127004863304815,10
2024-04-17,0.0030092145124612393,10
2024-04-18,0.006064260286469457,10
2024-04-19,0.00302739092274387,10
2024-04-22,0.009376325921777923,10
2024-04-23,-0.006855956492307169,10
2024-04-24,-0.013639613668698458,10
2024-04-25,0.0228071485969335,10
2024-04-26,0.0015716044752048808,10
2024-04-29,0.0009696785153310764,10
2024-04-30,-0.00979168103651893,10
2024-05-01,0.005547111787471744,10
2024-05-02,-0.0035443233756129976,10
2024-05-03,0.0004338340987371717,10
2024-05-06,0.003862093675668679,10
2024-05-07,0.001539729563228747,10
2024-05-08,0.00023284373617189189,9
2024-05-09,0.0037262268509750634,10
2024-05-10,-0.0007453860770345808,8
2024-05-13,-0.0032755976151750046,8
2024-05-14,-0.0031277965049714275,8
2024-05-15,0.0007666904160638485,10
2024-05-16,0.0025170668362596185,10
2024-05-17,0.004186611554704875,9
2024-05-20,0.004006289617870746,10
2024-05-21,-0.000838099066501233,10
2024-05-22,0.029736189654369038,9
2024-05-23,0.00504101943677096,10
2024-05-24,0.011069709832888026,10
2024-05-28,0.0016604549577151815,10
2024-05-29,-0.01143209516321724,10
2024-05-30,-0.004905241131788052,10
2024-05-31,0.004258220810447886,10
2024-06-03,-0.005552519053974558,10
2024-06-04,0.019032545796349394,10
2024-06-05,-0.0040906529446043125,10
2024-06-06,0.00264854837729528,10
2024-06-07,0.006184407295983994,10
2024-06-10,0.004801685710872897,10
2024-06-11,0.009916699848990991,10
2024-06-12,0.008236876156891325,10
2024-06-13,0.0022488238215875745,10
2024-06-14,0.00023186267535925268,10
2024-06-17,0.003848676161943365,10
2024-06-18,-0.0037147283774999667,10
2024-06-20,-0.006596891383661614,10
2024-06-21,-0.01347096382567269,10
2024-06-24,0.01980526204260657,10
2024-06-25,0.008006725844004093,10
2024-06-26,-0.004624286532682661,10
2024-06-27,-0.0035111644409488393,10
2024-06-28,0.004976990641008837,10
2024-07-01,0.002239555724298183,10
2024-07-02,-0.0059544319616122695,10
2024-07-03,0.008979305100184999,10
2024-07-05,-0.010585763768123539,10
2024-07-08,-0.00420456579355706,10
2024-07-09,-0.00039241255457903354,10
2024-07-10,-0.0012843672919887771,10
2024-07-11,-0.0022184226320475444,10
2024-07-12,0.0063808292868297155,10
2024-07-15,-0.001951848105544558,10
2024-07-16,0.0027349916810429763,10
2024-07-17,-0.011895770546785757,10
2024-07-18,-0.0041441925045415245,10
2024-07-19,-0.008954485025233607,10
2024-07-22,0.006993049209425813,10
2024-07-23,-0.007680708641158416,10
2024-07-24,0.005904930946185289,10
2024-07-25,-0.004990885992113761,10
2024-07-26,-0.0049358917849194,10
2024-07-29,-0.005980417643460258,10
2024-07-30,-0.016803903361331016,10
2024-07-31,0.0037017528214726156,10
2024-08-01,0.0029610756123833607,10
2024-08-02,0.006849096828633097,10
2024-08-05,0.003952932620351375,10
2024-08-06,0.008620536427921523,10
2024-08-07,-0.011997287759839052,10
2024-08-08,0.009378968162048992,10
2024-08-09,0.004143650484677591,10
2024-08-12,-0.017955392892678095,10
2024-08-13,0.009379002775491554,10
2024-08-14,0.0027467788660166244,10
2024-08-15,0.0001872544594555309,10
2024-08-16,0.0020661675798692215,10
2024-08-19,0.0020355411027187047,10
2024-08-20,-0.0034390941344683967,10
2024-08-21,0.007719743083053278,10
2024-08-22,-0.004327097252410503,10
2024-08-23,0.0012190497411327986,10
2024-08-26,0.0009983021899778977,10
2024-08-27,-0.00029032289707038887,10
2024-08-28,-0.011388778250660158,10
2024-08-29,-0.01694468490102288,10
2024-08-30,0.014747288484996167,10
2024-09-03,0.003994900347323913,10
2024-09-04,0.0011157386123365962,10
2024-09-05,-0.006893705691852588,10
2024-09-06,-0.003154248966637666,10
2024-09-09,0.005455669261846633,10
2024-09-10,-0.0092741791114078,10
2024-09-11,0.003150926150299638,10
2024-09-12,0.002587234582052816,10
2024-09-13,0.00245787610979755,10
2024-09-16,-0.0027609638719302164,10
2024-09-17,0.011565448337475814,10
2024-09-18,0.0036709399127200486,10
2024-09-19,-0.0031925999813932015,10
2024-09-20,-0.0018325814528819262,10
2024-09-23,0.001030539000525009,10
2024-09-24,-0.0011423383254431673,10
2024-09-25,0.0035615870000329946,10
2024-09-26,-0.0036167379041176593,10
2024-09-27,-0.0051670015119953784,10
2024-09-30,0.003957318084484818,10
2024-10-01,0.0003879713711845785,10
2024-10-02,0.00032010417940473096,10
2024-10-03,-0.0035584559963155902,10
2024-10-04,0.009709713063815004,10
2024-10-07,0.008029482992892125,10
2024-10-08,-0.004083532402092507,10
2024-10-09,0.006286792027751898,10
2024-10-10,-0.0016353810852291126,10
2024-10-11,-0.006174755221713058,10
2024-10-14,-0.005041586132846134,10
2024-10-15,0.004774518991388885,10
2024-10-16,0.00014759955123834275,10
2024-10-17,0.0029338494802184072,10
2024-10-18,-0.006027925840005147,10
2024-10-21,-0.0048275892877451855,10
2024-10-22,-0.005930968442498868,10
2024-10-23,-0.005611134984140768,10
2024-10-24,0.007300553819580885,10
2024-10-25,0.0037500026508372,10
2024-10-28,0.001709856093438249,10
2024-10-29,0.003534256694591712,10
2024-10-30,-0.01405838218809346,10
2024-10-31,0.0009450040288818814,10
2024-11-01,-0.0024441733417704297,10
2024-11-04,0.0035913736589621124,10
2024-11-05,0.012624190377758264,10
2024-11-06,0.00022539336001362864,10
2024-11-07,-0.0027895727348540974,10
2024-11-08,-0.004189414371459817,10
2024-11-11,-0.007694219892470233,10
2024-11-12,-0.0016628250755395335,10
2024-11-13,0.003694940630338884,10
2024-11-14,0.004574472723383101,10
2024-11-15,-0.00396519021561657,10
2024-11-18,-0.0018141658281350054,10
2024-11-19,0.0035115989745611847,10
2024-11-20,0.008829655473100452,10
2024-11-21,-0.002283821820544625,10
2024-11-22,-0.003485767948291188,10
2024-11-25,-0.000720689389277184,10
2024-11-26,-0.00676662492115328,10
2024-11-27,0.0032417253542634536,10
2024-11-29,-0.004468610210823305,10
2024-12-02,0.00225076869801161,10
2024-12-03,-0.004201817407576751,10
2024-12-04,-0.003000893078040088,10
2024-12-05,0.0035503892646384103,10
2024-12-06,-0.0025685627031337152,10
2024-12-09,0.0018283386067634556,10
2024-12-10,0.0049263318286529734,10
2024-12-11,-0.004221289250749041,10
2024-12-12,-0.0015045788157161694,10
2024-12-13,0.01321351275288417,10
2024-12-16,-5.534211159238702e-05,10
2024-12-17,-0.00812719914631197,10
2024-12-18,0.0003024291120348434,10
2024-12-19,-0.003002985859998082,10
2024-12-20,0.005070447882430229,10
2024-12-23,-0.0024821981813925175,10
2024-12-24,0.00024564102507809287,10
2024-12-26,0.00028850789596865996,10
2024-12-27,-0.0014616735979838483,10
2024-12-30,0.007138815752060014,10
2024-12-31,-0.0007911127883395994,10
2025-01-02,0.0024776839156862855,10
2025-01-03,-0.005590634223300335,10
2025-01-06,-0.003269344449240308,10
2025-01-07,-0.0021540297828511073,10
2025-01-08,0.0086193568684113,10
2025-01-10,0.004934000000597635,10
2025-01-13,-0.0015645552663435985,9
2025-01-14,0.0024349978650152586,10
2025-01-15,0.0026066810044176026,10
2025-01-16,0.0033256949225533173,10
2025-01-17,0.002404219356369528,10
2025-01-21,-7.5085306175395276e-06,10
2025-01-22,-0.0022025192431464127,10
2025-01-23,-0.0034340422283261843,10
2025-01-24,0.007218615125263002,10
2025-01-27,-0.01320291525171826,10
2025-01-28,-0.003513445595776024,10
2025-01-29,0.00524748542021557,10
2025-01-30,-0.007633708675289345,10
2025-01-31,-0.0020109877735572028,10
2025-02-03,0.0004927714167742283,10
2025-02-04,-0.01697930757223032,10
2025-02-05,0.006093205212277819,10
2025-02-06,0.0012782236031129214,10
2025-02-07,0.008580425109464133,10
2025-02-10,0.00064704159441824,10
2025-02-11,0.0047800624389431265,10
2025-02-12,0.0016334568606467463,10
2025-02-13,8.916220512199347e-05,10
2025-02-14,0.0011592729186229408,10
2025-02-18,-0.011318986149097564,10
2025-02-19,-0.0015787812441400385,10
2025-02-20,-0.0036852485132828775,10
2025-02-21,0.004728781777069046,10
2025-02-24,0.009363957601041056,10
2025-02-25,-0.015382534230515863,10
2025-02-26,-0.004624496531285829,10
2025-02-27,0.005409819886831979,10
2025-02-28,-0.011364157117007449,10
2025-03-03,-0.008112096495275709,10
2025-03-04,0.0005267313927912544,10
2025-03-05,-0.005546819956121788,10
2025-03-06,-0.0028061021442615974,10
2025-03-07,-0.002442297356621411,10
2025-03-10,-0.004970633966348271,10
2025-03-11,-0.00034013975015960787,10
2025-03-12,-0.012140614805465157,10
2025-03-13,0.006313222732137496,10
2025-03-14,0.0054004707790024755,10
2025-03-17,0.002765123344960065,10
2025-03-18,-0.015499404025783167,10
2025-03-19,0.001944597361361862,10
2025-03-20,-0.00042715349844468494,10
2025-03-21,0.0049293877320180585,10
2025-03-24,0.004549444175625602,10
2025-03-25,-0.004437607810060025,10
2025-03-26,-0.002584226584433435,10
2025-03-27,0.0024941217859125236,10
2025-03-28,0.0033420145565086516,10
2025-03-31,-0.007158796579952524,10
2025-04-01,-0.00029649836406414463,10
2025-04-02,-0.018506661941176512,10
2025-04-03,-0.0015652960370943214,10
2025-04-04,0.0015062080424659745,10
2025-04-07,0.004435038173197622,10
2025-04-08,0.023301992006312083,10
2025-04-09,-0.02417073801895238,10
2025-04-10,0.0007122608705053,10
2025-04-11,0.0009435143522548493,10
2025-04-14,0.003121718542090191,10
2025-04-15,0.000976028995927672,10
2025-04-16,-0.0002692546916850181,10
2025-04-17,0.006074078030498365,10
2025-04-21,-0.0019913485617518126,10
2025-04-22,-0.002349834827842466,10
2025-04-23,0.0029973764531436562,10
2025-04-24,0.0018166640171996722,10
2025-04-25,0.0013151533940680615,10
2025-04-28,-0.001713985344588792,10
2025-04-29,0.0018080677242298343,10
2025-04-30,-0.0021562612192476747,10
2025-05-01,0.004663266783289552,10
2025-05-02,-0.0025530786135321503,10
2025-05-05,0.002013052917810848,10
2025-05-06,0.010214076922329627,10
2025-05-07,0.005556947515078011,10
2025-05-08,0.004271137181306839,10
2025-05-09,0.007778113096078496,10
2025-05-12,0.00715950527195747,10
2025-05-13,0.008266625396053988,10
2025-05-14,-0.008365381542806371,10
2025-05-15,-0.0017415488777330582,10
2025-05-16,0.002026522579701004,10
2025-05-19,0.0031641593448284116,10
2025-05-20,0.004642245711120531,10
2025-05-21,0.000839984526556574,10
2025-05-22,0.0002882554845682286,10
2025-05-23,-0.004316926571855402,10
2025-05-27,0.00011714824110974423,10
2025-05-28,0.005162065401661727,10
2025-05-29,-0.010401368181890214,10
2025-05-30,-0.00475873615992726,10
2025-06-02,-0.0025903751078109397,10
2025-06-03,0.0003951808931295976,10
2025-06-04,-5.9067192490341966e-05,10
2025-06-05,-0.004375105659013819,10
2025-06-06,-0.0027649600335146133,10
2025-06-09,0.008682164196095812,10
2025-06-10,-0.00650425095353108,10
2025-06-11,-0.0012967056115581702,10
2025-06-12,0.0024963187541252674,10
2025-06-13,-0.004923704937862681,10
2025-06-16,0.0036377745462361066,10
2025-06-17,0.0017760821844823964,10
2025-06-18,0.00033288802955845534,10
2025-06-20,-0.00380620580647235,10
2025-06-23,-0.00464544733419945,10
2025-06-24,-0.008228266140687718,10
2025-06-25,0.002536815099213461,10
2025-06-26,0.0039415607227010875,10
2025-06-27,-0.005030028688421391,10
2025-06-30,-0.0010914788136939767,10
2025-07-01,-0.0012953048701729334,10
2025-07-02,0.001692670128061729,10
2025-07-03,-0.0025194110966283286,10
2025-07-07,-0.006067865714391366,10
2025-07-08,-0.004986192298699598,10
2025-07-09,-0.00030192578913360724,10
2025-07-10,0.0014641746122100617,10
2025-07-11,0.0017699934291299216,10
2025-07-14,-0.009494127841906357,10
2025-07-15,-0.0012617746184435108,10
2025-07-16,-0.005802271267059069,10
2025-07-17,0.0005797934509801576,10
2025-07-18,-0.0007130226881715673,10
2025-07-21,-0.00145824119694303,10
2025-07-22,0.002543781266507571,10
2025-07-23,-0.014908968597258798,10
2025-07-24,-0.01566709025773869,10
2025-07-25,-0.0016132384248472732,10
2025-07-28,0.001925162700204262,10
2025-07-29,-0.006424428428373393,10
2025-07-30,0.005057034467641563,10
2025-07-31,-0.007903530639249558,10
2025-08-01,-0.010254581689746835,10
2025-08-04,0.0009042583070998032,10
2025-08-05,0.0005440202661858187,10
2025-08-06,-0.002312392361641119,10
2025-08-07,0.0015323349752599123,10
2025-08-08,0.0013647894249955734,10
2025-08-11,-0.0006425270775355662,10
2025-08-12,0.0005724345431335303,10
2025-08-13,0.00465643412056752,10
2025-08-14,-0.0033397464834344203,10
2025-08-15,-5.72858318260171e-05,10
2025-08-18,0.009202235668178927,10
2025-08-19,-0.0015226488972942568,10
2025-08-20,-0.0023964069871156516,10
2025-08-21,-0.010645022827970155,10
2025-08-22,0.0013940307752883605,10
2025-08-25,-0.0024578873574344815,10
2025-08-26,-0.0012969178297526497,10
2025-08-27,0.0013342402304393052,10
2025-08-28,-0.007108447087910095,10
2025-08-29,0.002547563029872936,10
2025-09-02,0.005610983891995007,10
2025-09-03,0.002410696274565246,10
2025-09-04,0.005724947613606706,10
2025-09-05,0.004829649983999257,10
2025-09-08,0.003955478523782539,10
2025-09-09,0.0033516671296916585,10
2025-09-10,0.00017851738183440535,10
2025-09-11,0.004187933566893918,10
2025-09-12,-0.002202955331482953,10
2025-09-15,0.006094828925736413,10
2025-09-16,0.002661328709264394,10
2025-09-17,0.02469065828832632,10
2025-09-18,-0.013108103200067778,10
2025-09-19,-0.002866548907942994,10
2025-09-22,0.005860316525031639,10
2025-09-23,0.012829859283133986,10
2025-09-24,0.021010019736434637,10
2025-09-25,0.010068797432143143,10
2025-09-26,-0.0036019785146306936,10
2025-09-29,-0.005836208418789195,10
2025-09-30,0.004045369504478172,10
2025-10-01,0.009430036109356103,10
2025-10-02,-0.0068428356476489,10
2025-10-03,-0.0013724642096001947,10
2025-10-06,0.003977890231575849,10
2025-10-07,-0.0025134850415464024,10
2025-10-08,0.004286408810569891,10
2025-10-09,-0.007486065424015021,10
2025-10-10,0.0025062003790685865,10
2025-10-13,-0.017304314559681247,10
2025-10-14,0.009330839707098222,10
2025-10-15,-0.002928501846560514,10
2025-10-16,-0.0009754767836756407,10
2025-10-17,0.006332965811708842,10
2025-10-20,-0.0011713901262402297,10
2025-10-21,-0.010064836852057526,10
2025-10-22,0.009430775027745756,10
2025-10-23,0.007871955923954998,10
2025-10-24,0.00910152871052746,10
2025-10-27,0.016865547662715148,10
2025-10-28,0.00030391916103448657,10
2025-10-29,-0.00859577557377002,10
2025-10-30,-0.0048987393949724975,10
2025-10-31,0.0024144615762920897,10
2025-11-03,-0.01790549824534138,10
2025-11-04,0.011505655580417905,10
2025-11-05,-0.012337044531520965,10
2025-11-06,0.0013829085297137414,10
2025-11-07,0.0063639435370979386,10
2025-11-10,-0.012426480971104426,10
2025-11-11,-0.008940519768899575,10
2025-11-12,-0.002749572092415106,10
2025-11-13,-0.003259646306180351,10
2025-11-14,-0.001445649633798145,10
2025-11-17,0.0023472388540432716,10
2025-11-18,0.008448229929678322,10
2025-11-19,-0.016336862709804317,10
2025-11-20,0.007960271737143153,10
2025-11-21,0.020906198287656386,10
2025-11-24,-0.0055244748788556165,10
2025-11-25,0.0048554424070907055,10
2025-11-26,0.03540987623069024,10
2025-11-28,0.0005707440090385408,10
2025-12-01,0.03510692103847381,10
2025-12-02,-0.0035179947516214955,10
2025-12-03,-0.024349289429981567,10
2025-12-04,0.008548519278017076,10
2025-12-05,-0.007321749436120373,10
2025-12-08,-0.0015580701687042148,10
2025-12-09,-0.004739496583150791,10
2025-12-10,-0.011260245842069156,10
2025-12-11,-0.013999235427378723,10
2025-12-12,-0.003491988202628854,10
2025-12-15,0.0072596724554595884,10
2025-12-16,-0.015268582775333318,10
2025-12-17,0.005729488212150924,10
2025-12-18,0.0062414186744707105,10
2025-12-19,0.00042427070235559374,10
2025-12-22,-0.0012576021314988047,10
2025-12-23,-0.003785114381821528,10
2025-12-24,0.001889684419841745,10
2025-12-26,0.0021121130901952437,10
2025-12-29,0.003403841897734907,10
2025-12-30,-0.0019227109787021343,10
2025-12-31,0.012749352122150434,10
2026-01-02,-0.007645564482624625,10
2026-01-05,-0.00587078031322737,10
2026-01-06,0.02180842205211262,10
2026-01-07,-0.010876683630594696,10
2026-01-08,0.015121943608338354,10
2026-01-09,-0.0040099435192327785,10
2026-01-12,0.010104898839648723,10
2026-01-13,0.0007346345159108263,10
2026-01-14,-0.001832065119535414,10
2026-01-15,-0.004829717456435628,10
2026-01-16,-0.004357433315436185,10
2026-01-20,0.024648209671982658,10
2026-01-21,0.005195520287973434,10
2026-01-22,-0.04093129474544858,10
2026-01-23,-0.008441118022491128,10
2026-01-26,-0.009167460141128212,10
2026-01-27,0.008897756064914811,10
2026-01-28,0.004138962987337581,10
2026-01-29,-0.013617556509756223,10
2026-01-30,-0.019945045922925817,10
2026-02-02,-0.011878285008052391,10
2026-02-03,-0.00981957525978227,10
2026-02-04,-0.006293311162249747,10
2026-02-05,0.004404096993279519,10
2026-02-06,-0.0020753918912069244,10
2026-02-09,-0.010827575252680879,10
2026-02-10,-0.011249382483320948,10
2026-02-11,-0.019941705802402974,10
2026-02-12,0.006282666525838722,10
2026-02-13,-0.0012899566175786877,10
2026-02-17,-0.00035745678532974115,10
2026-02-18,-0.0052752816701069445,10
2026-02-19,-0.00232314383323912,10
2026-02-20,-0.008793334663417739,10
2026-02-23,0.007415024556316675,10
2026-02-24,0.011723489689164033,10
2026-02-25,0.006266633393810658,10
2026-02-26,0.00029421201844256884,10
2026-02-27,0.002828104396487645,10
2026-03-02,-0.003091090175384041,10
2026-03-03,0.01579823078723249,10
2026-03-04,0.008441403706444993,10
2026-03-05,-0.008758143217574068,10
2026-03-06,0.0022864865714802124,10
2026-03-09,0.010427633850652132,10
2026-03-10,0.008434572327557326,10
2026-03-11,-0.004077921372572738,10
2026-03-12,0.003397209657390394,10
2026-03-13,-0.0009776662054590333,10
2026-03-16,-0.01497081814893109,10
2026-03-17,0.009430840348899981,10
2026-03-18,0.0004968549785152225,10
2026-03-19,-0.004297288056124095,10
2026-03-20,0.002977523926594957,10
2026-03-23,-0.011017524056815912,10
2026-03-24,0.007063305135562447,10
2026-03-25,-0.014411300866562286,10
2026-03-26,-0.012268002804175514,10
2026-03-27,0.003213778781041459,10
2026-03-30,0.021654487096642833,10
2026-03-31,0.005380093932220848,10
2026-04-01,-0.00048749474175702493,10
2026-04-02,-0.005580450461157484,10
2026-04-06,0.0014371636258453263,10
2026-04-07,0.02305885723953583,10
2026-04-08,0.01026259361396183,10
2026-04-09,0.007876417911983385,10
2026-04-10,0.012836847564930552,10
2026-04-13,-0.004001730566269896,10
2026-04-14,0.001265580121285751,10
2026-04-15,0.011376686275197995,10
2026-04-16,-0.0060893760717882104,10
2026-04-17,-0.000748765490513793,10
2026-04-20,0.006607524019541343,10
2026-04-21,-0.00432463668946231,10
2026-04-22,-0.011432444634229912,10
2026-04-23,0.0,10
